datetime,pair,close,return,ma7,ma30,vol7
2025-01-01,BTCUSDT,94591.79,,,,
2025-01-02,BTCUSDT,96984.79,0.025298178626284695,,,
2025-01-03,BTCUSDT,98174.18,0.012263675572221189,,,
2025-01-04,BTCUSDT,98220.5,0.0004718144831972193,,,
2025-01-05,BTCUSDT,98363.61,0.0014570278098766654,,,
2025-01-06,BTCUSDT,102235.6,0.039364049367443865,,,
2025-01-07,BTCUSDT,96954.61,-0.05165509861535522,97932.15428571428,,
2025-01-08,BTCUSDT,95060.61,-0.01953491432743626,97999.12857142856,,0.029954796506685363
2025-01-09,BTCUSDT,92552.49,-0.026384429891623817,97365.94285714287,,0.029358348317153005
2025-01-10,BTCUSDT,94726.11,0.02348526765730452,96873.36142857143,,0.030810645747170025
2025-01-11,BTCUSDT,94599.99,-0.0013314174940783907,96356.14571428571,,0.030767851040984413
2025-01-12,BTCUSDT,94545.06,-0.0005806554525006336,95810.63857142857,,0.030706788987703546
2025-01-13,BTCUSDT,94536.1,-9.476962625010188e-05,94710.70999999999,,0.02405704232273329
2025-01-14,BTCUSDT,96560.86,0.021417849900725594,94654.46,,0.01865853852989667
2025-01-15,BTCUSDT,100497.35,0.04076693186038316,95431.13714285716,,0.021991618625308105
2025-01-16,BTCUSDT,99987.3,-0.005075258203325772,96493.25285714286,,0.01740597018771496
2025-01-17,BTCUSDT,104077.48,0.04090699518838892,97829.16285714286,,0.020433181747156418
2025-01-18,BTCUSDT,104556.23,0.0045999384304846735,99251.48285714285,,0.019818952993576246
2025-01-19,BTCUSDT,101331.57,-0.030841395103859304,100220.9842857143,,0.0260069170489109
2025-01-20,BTCUSDT,102260.01,0.009162396279856155,101324.40000000001,,0.025626383667692963
2025-01-21,BTCUSDT,106143.82,0.03797975376689289,102693.39428571428,,0.02739168844193303
2025-01-22,BTCUSDT,103706.66,-0.022960922265658046,103151.86714285714,,0.02757467455209941
2025-01-23,BTCUSDT,103910.34,0.0019640011547956693,103712.30142857145,,0.027280257042735748
2025-01-24,BTCUSDT,104870.5,0.009240273874573157,103825.59,,0.022742256569706413
2025-01-25,BTCUSDT,104746.85,-0.0011790732379457491,103852.82142857143,,0.022707632137777423
2025-01-26,BTCUSDT,102620.0,-0.020304667873067395,104036.88285714286,,0.020530125996298644
2025-01-27,BTCUSDT,102082.83,-0.0052345546677060595,104011.57142857143,,0.02041217321706235
2025-01-28,BTCUSDT,101335.52,-0.0073206238502596666,103324.67142857143,,0.011629709878504172
2025-01-29,BTCUSDT,103733.24,0.023661199942527578,103328.46857142857,,0.013806137479943754
2025-01-30,BTCUSDT,104722.94,0.00954081835292131,103444.55428571429,99956.298,0.01426438461331618
2025-01-31,BTCUSDT,102429.56,-0.021899499765762886,103095.84857142856,100217.557,0.016079388469158136
2025-02-01,BTCUSDT,100635.65,-0.01751359666096397,102508.53428571428,100339.25233333332,0.016893729874328856
2025-02-02,BTCUSDT,97700.59,-0.029165211334154395,101805.76142857142,100323.46600000001,0.018441763036717216
2025-02-03,BTCUSDT,101328.52,0.03713314320824468,101698.00285714286,100427.06666666668,0.024885882698554337
2025-02-04,BTCUSDT,97763.13,-0.03518644109279401,101187.66142857143,100407.05066666666,0.0281220882398672
2025-02-05,BTCUSDT,96612.43,-0.011770285996367091,100170.40285714286,100219.61166666665,0.025186106438671103
2025-02-06,BTCUSDT,96554.35,-0.0006011648811647952,99003.46142857142,100206.26966666666,0.02415622860711423
2025-02-07,BTCUSDT,96506.8,-0.0004924687494659574,98157.35285714285,100254.47600000001,0.023942761017516776
2025-02-08,BTCUSDT,96444.74,-0.0006430634939713631,97558.65142857144,100384.21766666666,0.0237001569627095
2025-02-09,BTCUSDT,96462.75,0.00018673905907151678,97381.81714285715,100442.10566666667,0.02136222633499099
2025-02-10,BTCUSDT,97430.82,0.010035687350816946,96825.00285714286,100536.46666666669,0.01453135415019086
2025-02-11,BTCUSDT,95778.2,-0.016961983897908373,96541.44142857144,100577.57133333334,0.008845484100234795
2025-02-12,BTCUSDT,97869.99,0.021839938524633062,96721.09285714287,100688.70100000002,0.011838824418624582
2025-02-13,BTCUSDT,96608.14,-0.0128931248485874,96728.77714285713,100690.277,0.013115933976643377
2025-02-14,BTCUSDT,97500.48,0.009236695789816451,96870.73142857142,100590.38133333334,0.013544610575559406
2025-02-15,BTCUSDT,97569.66,0.0007095349684433927,97031.43428571428,100509.79333333332,0.01351784824435913
2025-02-16,BTCUSDT,96118.12,-0.014876960727340904,96982.20142857141,100244.48133333333,0.014930804540757894
2025-02-17,BTCUSDT,95780.0,-0.0035177550289164916,96746.37,99951.94033333333,0.01421103634863926
2025-02-18,BTCUSDT,95671.74,-0.0011302986009604776,96731.16142857142,99763.27933333332,0.012675137427389216
2025-02-19,BTCUSDT,96644.37,0.01016632497746972,96556.07285714286,99576.09133333333,0.009736105255199282
2025-02-20,BTCUSDT,98305.0,0.017182894357943512,96798.48142857144,99314.79733333334,0.010601018192398642
2025-02-21,BTCUSDT,96181.98,-0.02159625654849706,96610.12428571428,99063.97466666666,0.013392213376318716
2025-02-22,BTCUSDT,96551.01,0.0038367893861199764,96464.60285714285,98818.66366666667,0.01354375661703935
2025-02-23,BTCUSDT,96258.0,-0.003034768875022631,96484.58571428573,98531.58033333333,0.012261510145544328
2025-02-24,BTCUSDT,91552.88,-0.04888030085811046,95880.71142857142,98091.78133333333,0.02239689858931556
2025-02-25,BTCUSDT,88680.4,-0.0313750916410277,94881.94857142857,97627.128,0.02410619197922886
2025-02-26,BTCUSDT,84250.09,-0.04995816437454048,93111.33714285716,97032.70333333332,0.02612991884228979
2025-02-27,BTCUSDT,84708.58,0.005442011990729023,91168.99142857143,96478.472,0.023672720896654533
2025-02-28,BTCUSDT,84349.94,-0.0042338096093689215,89478.69999999998,95832.362,0.02447092233393579
2025-03-01,BTCUSDT,86064.53,0.02032710396711601,87980.63142857142,95210.41500000001,0.027557853100492108
2025-03-02,BTCUSDT,94270.0,0.09534090292481712,87696.63142857143,94938.42966666668,0.05065357147578715
2025-03-03,BTCUSDT,86220.61,-0.08538654927336375,86934.87857142858,94457.92833333333,0.057687065152400796
2025-03-04,BTCUSDT,87281.98,0.012309933784973248,86735.10428571429,94110.64133333332,0.056984525288701446
2025-03-05,BTCUSDT,90606.01,0.038083806073143656,87643.09285714287,93753.22433333333,0.053983873394592125
2025-03-06,BTCUSDT,89931.89,-0.007440124556858829,88389.28000000001,93492.18299999999,0.054450230046078074
2025-03-07,BTCUSDT,86801.75,-0.034805673493573885,88739.53857142858,93165.16033333333,0.05693807854860139
2025-03-08,BTCUSDT,86222.45,-0.006673828580645025,88762.09857142856,92820.76366666667,0.056679410018224526
2025-03-09,BTCUSDT,80734.37,-0.0636502442229373,86828.43714285713,92295.016,0.043098297895175455
2025-03-10,BTCUSDT,78595.86,-0.026488223045525672,85739.18714285713,91700.05333333333,0.033023143722431
2025-03-11,BTCUSDT,82932.99,0.055182677560879245,85117.90285714285,91249.06133333333,0.04135267223269992
2025-03-12,BTCUSDT,83680.12,0.009008839546240877,84128.48999999999,90790.70466666666,0.03739403269740725
2025-03-13,BTCUSDT,81115.78,-0.030644554525017353,82869.04571428572,90301.95733333334,0.03807961254668216
2025-03-14,BTCUSDT,83983.2,0.03534971863674374,82466.39571428571,89839.06433333333,0.04082722136404485
2025-03-15,BTCUSDT,84338.44,0.004229893597767154,82197.25142857143,89430.07433333334,0.040915576647249076
2025-03-16,BTCUSDT,82574.53,-0.020914662400679962,82460.13142857143,88932.54266666668,0.03260212095264677
2025-03-17,BTCUSDT,84010.03,0.017384295133135996,83233.58428571429,88480.555,0.029945950753951484
2025-03-18,BTCUSDT,82715.03,-0.015414826063030795,83202.44714285714,88033.78533333333,0.023326854963846597
2025-03-19,BTCUSDT,86845.94,0.04994146771149088,83654.70714285715,87735.98333333334,0.03013912154175034
2025-03-20,BTCUSDT,84223.39,-0.030197727147636355,84098.65142857144,87354.37166666667,0.03004964651063198
2025-03-21,BTCUSDT,84088.79,-0.0015981308755205204,84113.73571428572,86935.85233333333,0.027086502246194022
2025-03-22,BTCUSDT,83840.59,-0.0029516419489445944,84042.61428571427,86453.70533333333,0.027057231244763072
2025-03-23,BTCUSDT,86082.5,0.02674015056430301,84543.75285714286,86117.05600000001,0.027070354801704083
2025-03-24,BTCUSDT,87498.16,0.01644538669299811,85042.05714285714,85815.29433333332,0.027008373090424632
2025-03-25,BTCUSDT,87392.87,-0.0012033395902268929,85710.31999999999,85519.79,0.02561652229297978
2025-03-26,BTCUSDT,86909.17,-0.005534776464029556,85719.35285714285,85364.99966666666,0.017982974776385392
2025-03-27,BTCUSDT,87232.01,0.003714682811951864,86149.1557142857,85316.72,0.011982322932315444
2025-03-28,BTCUSDT,84424.38,-0.0321857767578666,86197.09714285715,85322.52966666667,0.01858492523572957
2025-03-29,BTCUSDT,82648.54,-0.02103468216171689,86026.80428571429,85253.86166666666,0.020352678077274734
2025-03-30,BTCUSDT,82389.99,-0.0031283069247198814,85499.30285714286,85188.53,0.01602734804219331
2025-03-31,BTCUSDT,82550.01,0.0019422262340362817,84792.42428571428,85071.37933333333,0.013333226591612382
2025-04-01,BTCUSDT,85158.34,0.031596967704788925,84473.20571428571,84767.65733333332,0.02019934632756848
2025-04-02,BTCUSDT,82516.29,-0.0310251468030025,83845.65142857142,84644.18,0.022758909913670314
2025-04-03,BTCUSDT,83213.09,0.008444393222235336,83271.52,84508.55033333333,0.02320147465000871
2025-04-04,BTCUSDT,83889.87,0.00813309540602325,83195.16142857143,84284.67899999999,0.020618459716760334
2025-04-05,BTCUSDT,83537.99,-0.004194546969735313,83322.22571428571,84071.54900000001,0.018751666190197164
2025-04-06,BTCUSDT,78430.0,-0.061145713465215135,82756.51285714285,83792.49066666668,0.030421988641563542
2025-04-07,BTCUSDT,79163.24,0.009348973607038236,82272.68857142856,83557.18366666666,0.030894040606067253
2025-04-08,BTCUSDT,76322.42,-0.03588559538492875,81010.41428571429,83410.11866666665,0.027738660367128593
2025-04-09,BTCUSDT,82615.22,0.0824502158081466,81024.54714285715,83544.09733333332,0.04483257739190147
2025-04-10,BTCUSDT,79607.3,-0.036408787630172745,80509.43428571429,83433.241,0.04675876044891051
2025-04-11,BTCUSDT,83423.84,0.047942085713244875,80442.85857142857,83424.69833333333,0.0509133565708167
2025-04-12,BTCUSDT,85276.9,0.022212595344448305,80691.27428571429,83563.40233333333,0.05149969339025995
2025-04-13,BTCUSDT,83760.0,-0.017787935537056265,81452.70285714287,83555.96233333334,0.04447684672429255
2025-04-14,BTCUSDT,84591.58,0.009928127984718316,82228.18000000001,83564.40033333334,0.04447539224038272
2025-04-15,BTCUSDT,83643.99,-0.011201942320973268,83274.11857142857,83600.04899999998,0.041044840633701646
2025-04-16,BTCUSDT,84030.38,0.004619459210398746,83476.28428571428,83600.72733333334,0.02776692083700546
2025-04-17,BTCUSDT,84947.91,0.010919027142326287,84239.22857142857,83675.15666666666,0.02175093874942858
2025-04-18,BTCUSDT,84474.69,-0.005570707978571843,84389.34999999999,83596.11499999999,0.014028976880824242
2025-04-19,BTCUSDT,85077.01,0.007130183016948566,84360.79428571429,83624.56899999999,0.011271999367773513
2025-04-20,BTCUSDT,85179.24,0.0012016172171542827,84563.54285714286,83660.91733333333,0.008231251681704119
2025-04-21,BTCUSDT,87516.23,0.02743614523914495,84981.34999999999,83783.43866666665,0.012461523776586091
2025-04-22,BTCUSDT,93442.99,0.0677218385664009,86381.20714285715,84028.78833333333,0.024912930802925903
2025-04-23,BTCUSDT,93691.08,0.0026549878166355345,87761.30714285714,84235.21900000001,0.02507576572067639
2025-04-24,BTCUSDT,93980.47,0.0030887678955136,89051.67285714285,84454.80566666667,0.02550736732961275
2025-04-25,BTCUSDT,94638.68,0.007003689170739236,90503.67142857144,84712.456,0.02424444193824242
2025-04-26,BTCUSDT,94628.0,-0.0001128502637609552,91868.09857142858,84958.989,0.02486289825601458
2025-04-27,BTCUSDT,93749.3,-0.009285835059390402,93092.39285714286,85269.81966666666,0.026155447372076725
2025-04-28,BTCUSDT,95011.18,0.013460153835815225,94163.1,85681.90766666667,0.025490277387797855
2025-04-29,BTCUSDT,94256.82,-0.007939697201950202,94279.36142857141,86077.46866666667,0.008008927721118513
2025-04-30,BTCUSDT,94172.0,-0.0008998818334843284,94348.06428571428,86464.86833333333,0.008018949702523271
2025-05-01,BTCUSDT,96489.91,0.024613579407891883,94706.55571428571,86842.58733333334,0.012132861501544344
2025-05-02,BTCUSDT,96887.14,0.004116803508263045,95027.76428571428,87321.61566666668,0.012055990114852201
2025-05-03,BTCUSDT,95856.42,-0.010638357164841517,95203.25285714286,87743.06000000001,0.013174774217266474
2025-05-04,BTCUSDT,94277.62,-0.016470466975503584,95278.72714285715,88089.31833333334,0.01441460653533574
2025-05-05,BTCUSDT,94733.68,0.0048374152847727725,95239.08428571429,88462.50799999999,0.013501029850392848
2025-05-06,BTCUSDT,96834.02,0.022170995574119168,95607.25571428573,89075.97533333332,0.015346767285696871
2025-05-07,BTCUSDT,97030.5,0.0020290389679165077,96015.61285714286,89671.55066666666,0.015231632671139117
2025-05-08,BTCUSDT,103261.6,0.06421795208723036,96982.99714285714,90569.52333333335,0.026892184310326438
2025-05-09,BTCUSDT,102971.99,-0.002804624371499198,97852.26142857142,91248.08233333334,0.027270744331578115
2025-05-10,BTCUSDT,104809.53,0.017845046988020696,99131.27714285713,92088.15666666668,0.025935970164309447
2025-05-11,BTCUSDT,104118.0,-0.006597968715249425,100537.0457142857,92777.962,0.024274016975536158
2025-05-12,BTCUSDT,102791.32,-0.01274208110028996,101688.13714285716,93361.776,0.026270954266252543
2025-05-13,BTCUSDT,104103.72,0.012767615008738131,102726.66571428571,94039.9,0.025903038322801265
2025-05-14,BTCUSDT,103507.82,-0.005724099004339123,103651.99714285714,94670.44133333332,0.0264933094275493
2025-05-15,BTCUSDT,103763.71,0.0024721803627976158,103723.72714285715,95341.09866666667,0.011031830097108354
2025-05-16,BTCUSDT,103463.9,-0.002889353127408567,103794.0,95988.88266666667,0.01103641956993149
2025-05-17,BTCUSDT,103126.65,-0.00325959102643536,103553.58857142857,96594.84066666667,0.00806542655340717
2025-05-18,BTCUSDT,106454.26,0.0322672170578604,103887.34,97327.493,0.014997408396129702
2025-05-19,BTCUSDT,105573.74,-0.008271345834351629,104284.82857142856,98010.71733333333,0.01427989092421227
2025-05-20,BTCUSDT,106849.99,0.012088706907607882,104677.15285714285,98733.07566666667,0.014211839758041767
2025-05-21,BTCUSDT,109643.99,0.02614880918566298,105553.74857142857,99470.66766666668,0.015677641983811434
2025-05-22,BTCUSDT,111696.21,0.018717122570968137,106686.96285714286,100079.10833333334,0.01586119266583263
2025-05-23,BTCUSDT,107318.3,-0.03919479452346686,107237.59142857145,100533.34899999999,0.02457968562983027
2025-05-24,BTCUSDT,107761.91,0.004133591381898505,107899.77142857143,100992.73033333334,0.02429781214015844
2025-05-25,BTCUSDT,109004.19,0.011528006509906819,108264.04714285715,101471.58066666666,0.021773436709742418
2025-05-26,BTCUSDT,109434.79,0.003950306864350717,108815.62571428572,101965.14033333333,0.0211444437137442
2025-05-27,BTCUSDT,108938.17,-0.004538044985511469,109113.93714285715,102471.436,0.02119364619326904
2025-05-28,BTCUSDT,107781.78,-0.010615103962183348,108847.90714285716,102897.12266666668,0.018924258515326548
2025-05-29,BTCUSDT,105589.75,-0.02033766746104948,107975.55571428571,103274.88700000002,0.017394498569475617
2025-05-30,BTCUSDT,103985.48,-0.015193425498213675,107499.43857142857,103602.00300000001,0.011585871096472028
2025-05-31,BTCUSDT,104591.88,0.005831583409529939,107046.57714285715,103872.06866666667,0.011810855253836596
2025-06-01,BTCUSDT,105642.93,0.0100490592577549,106566.39714285712,104163.92833333333,0.011491603335095265
2025-06-02,BTCUSDT,105857.99,0.0020357254385126033,106055.42571428571,104497.314,0.011280365005900943
2025-06-03,BTCUSDT,105376.89,-0.004544767948078454,105546.67142857143,104867.28966666666,0.011280351079780301
2025-06-04,BTCUSDT,104696.86,-0.00645331248625769,105105.96857142857,105199.39566666666,0.011022250976027671
2025-06-05,BTCUSDT,101508.68,-0.030451534076571196,104522.95857142856,105355.21766666668,0.01381617812484371
2025-06-06,BTCUSDT,104288.44,0.027384456186406947,104566.23857142856,105597.149,0.017684837338379555
2025-06-07,BTCUSDT,105552.15,0.012117450409652175,104703.42,105673.50066666667,0.018151147135106082
2025-06-08,BTCUSDT,105734.0,0.0017228450581063814,104716.43000000001,105765.56766666665,0.017762230730328746
2025-06-09,BTCUSDT,110263.02,0.042834093101556725,105345.72,105947.35066666667,0.024030193061155686
2025-06-10,BTCUSDT,110274.39,0.00010311707406529536,106045.36285714286,106152.56366666667,0.023750042145363123
2025-06-11,BTCUSDT,108645.12,-0.014774690660270262,106609.4,106347.69033333333,0.024709972969713757
2025-06-12,BTCUSDT,105671.73,-0.027367911232460296,107204.12142857142,106399.95733333334,0.023977562712042533
2025-06-13,BTCUSDT,106066.59,0.003736666372359032,107458.14285714284,106485.24966666667,0.022051497755537525
2025-06-14,BTCUSDT,105414.64,-0.0061466103511010894,107438.49857142857,106540.28066666667,0.02182038134634183
2025-06-15,BTCUSDT,105594.01,0.0017015663099546607,107418.5,106611.28433333333,0.02182010530965462
2025-06-16,BTCUSDT,106794.53,0.011369205507016922,106923.00142857143,106733.54699999999,0.012977816472408917
2025-06-17,BTCUSDT,104551.17,-0.02100631933114927,106105.39857142858,106670.11066666667,0.014135568236980587
2025-06-18,BTCUSDT,104886.78,0.0032100071190022117,105568.49285714285,106647.212,0.014226739097081675
2025-06-19,BTCUSDT,104658.59,-0.002175583996381625,105423.75857142858,106574.16533333334,0.01022916807792024
2025-06-20,BTCUSDT,103297.99,-0.013000366238452021,105028.2442857143,106362.632,0.010788251213759394
2025-06-21,BTCUSDT,102120.01,-0.011403706887229914,104557.58285714287,106043.42533333333,0.011161755980013599
2025-06-22,BTCUSDT,100963.87,-0.01132138549535977,103896.13428571427,105831.611,0.01104594422016715
2025-06-23,BTCUSDT,105333.93,0.043283404251441615,103687.47714285714,105750.67833333333,0.021350130766616786
2025-06-24,BTCUSDT,106083.0,0.007111383767794521,103906.30999999998,105653.30533333334,0.019710658304850734
2025-06-25,BTCUSDT,107340.58,0.01185467982617383,104256.85285714285,105583.49833333334,0.020049218713394327
2025-06-26,BTCUSDT,106947.06,-0.0036660878858676416,104583.77714285713,105517.128,0.020127036820047392
2025-06-27,BTCUSDT,107047.59,0.0009399977895605538,105119.43428571428,105492.655,0.018901744027059436
2025-06-28,BTCUSDT,107296.79,0.002327936574751499,105858.9742857143,105549.55633333333,0.0175486075618376
2025-06-29,BTCUSDT,108356.93,0.009880444699230884,106915.12571428569,105695.27133333332,0.015528795624811562
2025-06-30,BTCUSDT,107146.5,-0.011170766835125301,107174.06428571428,105780.42533333333,0.008068586312831943
2025-07-01,BTCUSDT,105681.14,-0.013676228341569674,107116.6557142857,105781.699,0.009729379227977342
2025-07-02,BTCUSDT,108849.6,0.02998131927797143,107332.23,105881.41933333334,0.01470572594777329
2025-07-03,BTCUSDT,109584.78,0.006754090047184302,107709.04714285713,106021.68233333333,0.01455277663660359
2025-07-04,BTCUSDT,107984.24,-0.014605495398174795,107842.85428571429,106131.26166666667,0.016123565618836423
2025-07-05,BTCUSDT,108198.12,0.001980659399927198,107971.61571428571,106354.243,0.016120610255304132
2025-07-06,BTCUSDT,109203.84,0.009295170747883663,108092.60285714285,106518.08966666667,0.01607016697972205
2025-07-07,BTCUSDT,108262.94,-0.00861599738617247,108252.0942857143,106608.44933333334,0.015767959338424904
2025-07-08,BTCUSDT,108922.98,0.006096638424931022,108715.21428571429,106714.74866666667,0.014278562606919386
2025-07-09,BTCUSDT,111233.99,0.02121691859697572,109055.84142857142,106747.11433333335,0.011838579184877355
2025-07-10,BTCUSDT,116010.0,0.04293660597808269,109973.73,106938.30133333334,0.019248927264705985
2025-07-11,BTCUSDT,117527.66,0.013082148090681978,111337.07571428572,107234.38599999998,0.01638190865788356
2025-07-12,BTCUSDT,117420.0,-0.000916039679510372,112654.48714285715,107625.99499999998,0.016718694836225078
2025-07-13,BTCUSDT,119086.64,0.014193834099812674,114066.31571428572,108059.99666666666,0.01669542478173893
2025-07-14,BTCUSDT,119841.18,0.006336059191862198,115720.34999999999,108540.88133333334,0.014320635000651408
2025-07-15,BTCUSDT,117758.09,-0.01738208852749945,116982.50857142858,108946.35066666667,0.018740711871790862
2025-07-16,BTCUSDT,118630.43,0.007407898684498093,118039.14285714286,109340.88066666668,0.018249645103007573
2025-07-17,BTCUSDT,119177.56,0.004612054428193568,118491.65142857144,109828.42699999998,0.010685995426646012
2025-07-18,BTCUSDT,117924.84,-0.010511374792368633,118548.39142857143,110263.02900000001,0.011024405624651365
2025-07-19,BTCUSDT,117840.0,-0.0007194412983727583,118608.39142857143,110702.40933333334,0.011020344543052807
2025-07-20,BTCUSDT,117265.12,-0.004878479293957905,118348.17428571428,111167.98033333333,0.009314067975897398
2025-07-21,BTCUSDT,117380.36,0.00098273041463659,117996.62857142858,111676.65866666667,0.008699495929623869
2025-07-22,BTCUSDT,119954.42,0.02192922223104432,118310.39,112309.677,0.010345673492757805
2025-07-23,BTCUSDT,118755.99,-0.009990711471907332,118328.32714285715,112757.07899999998,0.011086466089672965
2025-07-24,BTCUSDT,118340.99,-0.0034945605691132364,118208.81714285714,113165.67866666666,0.010972004921609022
2025-07-25,BTCUSDT,117614.31,-0.0061405604262733116,118164.45571428571,113508.13633333333,0.010449425547434827
2025-07-26,BTCUSDT,117919.99,0.0025990034716014687,118175.88285714285,113873.90066666667,0.010503958902806532
2025-07-27,BTCUSDT,119415.55,0.01268283689644134,118483.08714285714,114286.166,0.01117993539165302
2025-07-28,BTCUSDT,118062.32,-0.011332108758030257,118580.51000000001,114645.01699999999,0.012389938569715004
2025-07-29,BTCUSDT,117950.76,-0.0009449246804570377,118294.27285714285,114964.81133333335,0.008237981097904879
2025-07-30,BTCUSDT,117840.3,-0.000936492482117024,118163.45999999999,115321.27133333334,0.007522573669403956
2025-07-31,BTCUSDT,115764.08,-0.017618930026484958,117795.33,115657.36933333334,0.0098210117926005
2025-08-01,BTCUSDT,113297.93,-0.021303240176054672,117178.7042857143,115805.64700000001,0.012027891000367566
2025-08-02,BTCUSDT,112546.35,-0.00663366047376146,116411.04142857142,115904.366,0.01151721342379594
2025-08-03,BTCUSDT,114208.8,0.014771247579330682,115667.22,116111.85133333334,0.012111212962930419
2025-08-04,BTCUSDT,115055.03,0.00740949909288946,115237.60714285714,116340.415,0.012858157312135446
2025-08-05,BTCUSDT,114129.75,-0.008042064740672372,114691.74857142857,116504.612,0.012892928115560406
2025-08-06,BTCUSDT,114992.27,0.007557363439418818,114284.88714285714,116728.923,0.013673649337173641
2025-08-07,BTCUSDT,117472.01,0.021564406024856986,114528.87714285713,117013.89066666667,0.014855928230740034
2025-08-08,BTCUSDT,116674.74,-0.006786893320374743,115011.27857142857,117195.249,0.011710160649400617
2025-08-09,BTCUSDT,116462.25,-0.0018212168289383213,115570.69285714287,117210.324,0.01108858766981898
2025-08-10,BTCUSDT,119294.01,0.024314831629991707,116297.15142857142,117269.20233333335,0.012930987633513363
2025-08-11,BTCUSDT,118686.0,-0.005096735368355865,116815.86142857141,117311.40233333335,0.013600957668775343
2025-08-12,BTCUSDT,120134.08,0.012200933555769122,117673.62285714285,117346.317,0.012598150095171498
2025-08-13,BTCUSDT,123306.43,0.02640674486373884,118861.36,117461.82533333333,0.014503104690350242
2025-08-14,BTCUSDT,118295.09,-0.0406413517932519,118978.94285714287,117479.72533333332,0.022927266657657857
2025-08-15,BTCUSDT,117342.05,-0.008056462867562786,119074.27285714286,117436.77933333332,0.023006095839975375
2025-08-16,BTCUSDT,117380.66,0.00032903805583761603,119205.47428571428,117376.88266666667,0.022975801169565515
2025-08-17,BTCUSDT,117405.01,0.0002074447357851561,118935.61714285715,117359.555,0.020648934797305053
2025-08-18,BTCUSDT,116227.05,-0.010033302667407429,118584.33857142857,117305.79,0.020851924398260897
2025-08-19,BTCUSDT,112872.94,-0.028858256318128994,117547.03285714285,117159.384,0.021687698191579282
2025-08-20,BTCUSDT,114271.24,0.012388265956393196,116256.29142857144,117055.74666666666,0.01829076148911089
2025-08-21,BTCUSDT,112500.0,-0.01550031311465605,115428.42142857143,116807.266,0.01317752811417671
2025-08-22,BTCUSDT,116935.99,0.03943102222222228,115370.41285714286,116746.59933333335,0.021914833367205375
2025-08-23,BTCUSDT,115438.05,-0.012809914210329953,115092.89714285715,116649.83466666666,0.02240996781727407
2025-08-24,BTCUSDT,113493.59,-0.01684418612407268,114534.12285714285,116512.47733333333,0.023026996421116868
2025-08-25,BTCUSDT,110111.98,-0.029795603434519924,113660.54142857144,116252.21033333334,0.024935950362958145
2025-08-26,BTCUSDT,111763.22,0.01499600679235824,113502.01,115997.13266666667,0.02415077528000152
2025-08-27,BTCUSDT,111262.01,-0.004484570147495814,113072.12,115770.45566666666,0.02340340286252297
2025-08-28,BTCUSDT,112566.9,0.011728082208833035,113081.67714285714,115590.99366666665,0.023353225754563015
2025-08-29,BTCUSDT,108377.4,-0.03721786777462999,111859.02142857143,115275.56366666667,0.019629677908095316
2025-08-30,BTCUSDT,108816.33,0.004050014117334522,110913.06142857143,115043.97200000001,0.020339514539273396
2025-08-31,BTCUSDT,108246.35,-0.005238000583184466,110163.45571428571,114875.586,0.01998975046949716
2025-09-01,BTCUSDT,109237.42,0.009155689776144893,110038.51857142858,114765.28833333334,0.0177405082388544
2025-09-02,BTCUSDT,111240.01,0.018332454208457083,109963.77428571429,114666.32866666667,0.01827860875103699
2025-09-03,BTCUSDT,111705.71,0.004186443348935365,110027.16,114554.68466666667,0.018259343811190022
2025-09-04,BTCUSDT,110730.87,-0.008726859173089796,109764.87,114441.38866666667,0.01783471624041945
2025-09-05,BTCUSDT,110659.99,-0.0006401105671796081,110090.95428571428,114296.97933333334,0.009074865345571132
2025-09-06,BTCUSDT,110187.97,-0.004265498307021387,110286.90285714286,114054.178,0.009453482599755125
2025-09-07,BTCUSDT,111137.34,0.008615913334277803,110699.90142857144,113869.598,0.009173390525718349
2025-09-08,BTCUSDT,112065.23,0.008349039125823854,111103.87428571428,113723.03066666666,0.009099792362529837
2025-09-09,BTCUSDT,111546.39,-0.0046298035528057335,111147.64285714286,113464.77666666666,0.006788122715852767
2025-09-10,BTCUSDT,113960.0,0.02163772399985331,111469.68428571429,113307.24333333333,0.010561126081871264
2025-09-11,BTCUSDT,115482.69,0.013361618111618068,112148.5157142857,113152.197,0.009776935364957684
2025-09-12,BTCUSDT,116029.42,0.004734302604139096,112915.57714285715,112909.62999999999,0.00936533335247949
2025-09-13,BTCUSDT,115918.29,-0.0009577743299932218,113734.19428571429,112830.40333333334,0.008777238461804312
2025-09-14,BTCUSDT,115268.01,-0.005609813602322822,114324.29000000001,112761.26866666667,0.009985871273810601
2025-09-15,BTCUSDT,115349.71,0.000708782948538822,114793.50142857143,112693.57033333335,0.010010666142363326
2025-09-16,BTCUSDT,116788.96,0.012477274541912609,115542.43999999999,112673.03533333333,0.009581044125729209
2025-09-17,BTCUSDT,116447.59,-0.0029229646363835293,115897.80999999998,112680.38666666667,0.007418717797023217
2025-09-18,BTCUSDT,117073.53,0.005375293726559649,116125.07285714286,112820.40633333335,0.006071756859006865
2025-09-19,BTCUSDT,115632.38,-0.01230978514101344,116068.35285714285,112865.77766666668,0.00791666690850427
2025-09-20,BTCUSDT,115685.63,0.0004605111474831336,116035.11571428571,112971.96533333333,0.007920033490715135
2025-09-21,BTCUSDT,115232.29,-0.003918723526854739,116030.01285714286,112915.17533333333,0.0077536994732945175
2025-09-22,BTCUSDT,112650.99,-0.022400839209218093,115644.48142857142,112822.27333333335,0.011437256730725267
2025-09-23,BTCUSDT,111998.8,-0.005789474198140687,114960.17285714287,112772.447,0.00907143632136281
2025-09-24,BTCUSDT,113307.0,0.011680482290881589,114511.51714285716,112878.94766666667,0.011286791632406838
2025-09-25,BTCUSDT,108994.49,-0.03806040226993912,113357.36857142858,112786.65666666666,0.01623094683039207
2025-09-26,BTCUSDT,109643.46,0.0059541541962351285,112501.80857142857,112732.70500000002,0.01724322886355044
2025-09-27,BTCUSDT,109635.85,-6.940678449951498e-05,111637.55428571429,112635.00333333333,0.017203885055137105
2025-09-28,BTCUSDT,112163.95,0.02305906325348861,111199.22,112761.22166666666,0.020791442324811806
2025-09-29,BTCUSDT,114311.96,0.01915062727373651,111436.50142857143,112944.40933333333,0.020478606794539174
2025-09-30,BTCUSDT,114048.93,-0.002300984079006363,111729.37714285715,113137.82866666668,0.020291235180937103
2025-10-01,BTCUSDT,118594.99,0.03986061070454605,112484.80428571429,113449.74766666668,0.024674841823461063
2025-10-02,BTCUSDT,120529.35,0.01631063841735636,114132.64142857143,113759.39233333334,0.014769711097050497
2025-10-03,BTCUSDT,122232.0,0.014126434764644369,115931.00428571428,114110.26866666667,0.01429072153597713
2025-10-04,BTCUSDT,122391.0,0.0013008050265068682,117753.16857142858,114498.93966666666,0.014045461720794421
2025-10-05,BTCUSDT,123482.31,0.008916587003946264,119370.07714285715,114926.35033333334,0.013865005415517133
2025-10-06,BTCUSDT,124658.54,0.009525493975614863,120848.16,115408.70266666666,0.013735238777643656
2025-10-07,BTCUSDT,121332.95,-0.02667759465175834,121888.73428571426,115748.55633333333,0.01985168214522097
2025-10-08,BTCUSDT,123306.0,0.016261452474369165,122561.7357142857,116123.24866666667,0.015208410323424678
2025-10-09,BTCUSDT,121662.4,-0.013329440578722873,122723.59999999999,116460.44900000001,0.01586742077605767
2025-10-10,BTCUSDT,112774.5,-0.07305379476321361,121372.52857142857,116420.93233333335,0.031129699624399793
2025-10-11,BTCUSDT,110644.4,-0.01888813517240162,119694.44285714286,116259.656,0.03073192854077772
2025-10-12,BTCUSDT,114958.8,0.03899338782622541,118476.79857142859,116223.96866666667,0.036088139636875335
2025-10-13,BTCUSDT,115166.0,0.0018023848543999854,117120.72142857143,116198.89233333334,0.03551971541286023
2025-10-14,BTCUSDT,113028.14,-0.018563291249153346,115934.31999999999,116124.23,0.03504050936229946
2025-10-15,BTCUSDT,110763.28,-0.020038018850880857,114142.50285714286,115971.34899999999,0.03322475951347233
2025-10-16,BTCUSDT,108194.28,-0.023193607123227156,112218.48571428572,115684.85966666667,0.03336458191248031
2025-10-17,BTCUSDT,106431.68,-0.016291064555353674,111312.36857142858,115350.996,0.022282641452805278
2025-10-18,BTCUSDT,107185.01,0.007078061719969053,110818.17,115021.37866666666,0.022334188128195494
2025-10-19,BTCUSDT,108642.78,0.01360050253295686,109915.88142857142,114788.39199999999,0.014978198528122936
2025-10-20,BTCUSDT,110532.09,0.017390110967337113,109253.89428571427,114616.60733333333,0.017598198311766382
2025-10-21,BTCUSDT,108297.67,-0.0202151248565009,108578.11285714284,114385.45333333334,0.017808981508289037
2025-10-22,BTCUSDT,107567.44,-0.006742804346575482,108121.56428571428,114216.00166666668,0.016732882227500134
2025-10-23,BTCUSDT,110078.18,0.02334107793213258,108390.69285714286,114151.98099999999,0.017101139359187032
2025-10-24,BTCUSDT,111004.89,0.008418652997351561,109044.00857142857,114075.24399999999,0.01497069880656592
2025-10-25,BTCUSDT,111646.27,0.005777943656356088,109681.33142857144,114163.63666666667,0.014964958544522431
2025-10-26,BTCUSDT,114559.4,0.026092497313165763,110526.56285714285,114327.50133333332,0.016677736243213174
2025-10-27,BTCUSDT,114107.65,-0.0039433691168074825,111037.35714285714,114476.56133333335,0.016565646856071807
2025-10-28,BTCUSDT,112898.45,-0.010597010805147522,111694.61142857143,114501.04466666667,0.014416505835813104
2025-10-29,BTCUSDT,110021.29,-0.02548449513700146,112045.16142857143,114358.02233333333,0.018382906654967068
2025-10-30,BTCUSDT,108322.88,-0.015437103127948992,111794.40428571428,114167.154,0.017164882518410772
2025-10-31,BTCUSDT,110486.21,0.01997112706013726,111720.30714285714,113896.86133333333,0.01882722730057744
2025-01-01,ETHUSDT,3360.38,,,,
2025-01-02,ETHUSDT,3455.67,0.028356912015902846,,,
2025-01-03,ETHUSDT,3609.01,0.044373450011141236,,,
2025-01-04,ETHUSDT,3656.88,0.01326402531442139,,,
2025-01-05,ETHUSDT,3635.99,-0.005712519962372431,,,
2025-01-06,ETHUSDT,3687.45,0.014152954216045677,,,
2025-01-07,ETHUSDT,3381.31,-0.08302214267312091,3540.9557142857143,,
2025-01-08,ETHUSDT,3327.29,-0.01597605661710988,3536.2285714285713,,0.041486798165946574
2025-01-09,ETHUSDT,3219.2,-0.03248589693113624,3502.447142857143,,0.040763509059056124
2025-01-10,ETHUSDT,3267.04,0.014860834990059635,3453.594285714286,,0.035463312353951226
2025-01-11,ETHUSDT,3282.83,0.004833121112689076,3400.158571428571,,0.034531401865904206
2025-01-12,ETHUSDT,3267.3,-0.004730674448570227,3347.488571428571,,0.034576262042544166
2025-01-13,ETHUSDT,3137.51,-0.039723931074587604,3268.925714285714,,0.03306642019449139
2025-01-14,ETHUSDT,3225.63,0.028085966259868478,3246.6857142857148,,0.024674270347868423
2025-01-15,ETHUSDT,3451.52,0.07002973062626516,3264.432857142857,,0.037314606464821404
2025-01-16,ETHUSDT,3308.05,-0.04156719358427585,3277.1257142857144,,0.03898939426263584
2025-01-17,ETHUSDT,3473.63,0.05005365698825592,3306.6385714285716,,0.042639961742476085
2025-01-18,ETHUSDT,3307.71,-0.047765593917602045,3310.1928571428575,,0.04792104285585516
2025-01-19,ETHUSDT,3215.12,-0.027992175855803603,3302.7385714285715,,0.04925786850092224
2025-01-20,ETHUSDT,3284.0,0.021423772674114883,3323.6657142857143,,0.046654754337138095
2025-01-21,ETHUSDT,3327.54,0.01325822168087698,3338.2242857142855,,0.04589295641103602
2025-01-22,ETHUSDT,3242.6,-0.02552636482206072,3308.378571428572,,0.036747284570835224
2025-01-23,ETHUSDT,3338.21,0.029485597976932176,3312.6871428571426,,0.035829054476218626
2025-01-24,ETHUSDT,3310.09,-0.008423676161775306,3289.324285714286,,0.028854674340378913
2025-01-25,ETHUSDT,3318.77,0.0026222851946622328,3290.9042857142854,,0.022412027125985143
2025-01-26,ETHUSDT,3232.61,-0.02596142546786906,3293.402857142857,,0.021987972639343982
2025-01-27,ETHUSDT,3182.44,-0.0155199668379421,3278.894285714286,,0.02065729861989817
2025-01-28,ETHUSDT,3077.72,-0.03290556931159749,3243.2057142857143,,0.021472255130024365
2025-01-29,ETHUSDT,3113.9,0.011755455337067788,3224.82,,0.021856991704799503
2025-01-30,ETHUSDT,3247.39,0.042869070939978826,3211.8457142857146,3331.493,0.02568418997652096
2025-01-31,ETHUSDT,3300.99,0.016505562928998296,3210.5457142857144,3329.5133333333333,0.02662342923902993
2025-02-01,ETHUSDT,3117.54,-0.055574236819863065,3181.7985714285714,3318.2423333333336,0.033764073807592845
2025-02-02,ETHUSDT,2869.68,-0.07950499432244662,3129.9514285714286,3293.598,0.04316162958419601
2025-02-03,ETHUSDT,2879.9,0.003561372696607279,3086.7314285714288,3267.698666666666,0.04379878845952759
2025-02-04,ETHUSDT,2731.19,-0.051637209625334246,3037.227142857143,3237.538666666667,0.04572418558036263
2025-02-05,ETHUSDT,2788.25,0.020891992135296356,2990.7057142857143,3207.565333333333,0.04676715493465502
2025-02-06,ETHUSDT,2686.64,-0.036442212857527134,2910.598571428571,3184.4096666666665,0.039545705816311505
2025-02-07,ETHUSDT,2622.1,-0.024022570943632138,2813.6142857142863,3160.9033333333336,0.03498429320676722
2025-02-08,ETHUSDT,2632.46,0.003951031615880396,2744.317142857143,3141.345333333333,0.035478447533423975
2025-02-09,ETHUSDT,2627.18,-0.00200572848210423,2709.674285714286,3120.016666666667,0.025790884158357445
2025-02-10,ETHUSDT,2661.19,0.012945439596830255,2678.4300000000003,3099.2953333333335,0.026966410156249537
2025-02-11,ETHUSDT,2602.59,-0.022020224035112057,2660.058571428571,3077.1383333333333,0.021221515637119593
2025-02-12,ETHUSDT,2738.27,0.05213268321172371,2652.9185714285713,3063.8303333333333,0.02961106836961389
2025-02-13,ETHUSDT,2675.87,-0.022788110741453593,2651.38,3045.5049999999997,0.027343006794448822
2025-02-14,ETHUSDT,2725.95,0.01871540844659858,2666.215714285714,3021.3193333333334,0.025884873427154273
2025-02-15,ETHUSDT,2693.04,-0.012072855334837373,2674.87,3000.8190000000004,0.02677378292029772
2025-02-16,ETHUSDT,2661.41,-0.011745091049520262,2679.7599999999998,2973.745,0.0273577935166715
2025-02-17,ETHUSDT,2744.05,0.03105120969711561,2691.597142857143,2954.9563333333335,0.029331421677380457
2025-02-18,ETHUSDT,2671.99,-0.026260454437783687,2701.5114285714285,2936.852,0.030012376770223087
2025-02-19,ETHUSDT,2715.5,0.01628374357688478,2698.258571428571,2917.902,0.02260375253364259
2025-02-20,ETHUSDT,2738.04,0.008300497146013663,2707.14,2898.252,0.02056554788521189
2025-02-21,ETHUSDT,2663.0,-0.02740646593913898,2698.1471428571426,2878.932,0.022190326169362656
2025-02-22,ETHUSDT,2763.22,0.037634247089748385,2708.172857142857,2859.7656666666667,0.026401961289964502
2025-02-23,ETHUSDT,2819.69,0.02043630257453266,2730.784285714286,2843.419,0.026006361947877192
2025-02-24,ETHUSDT,2513.52,-0.10858285839932758,2697.8514285714286,2816.5773333333336,0.049149345224321135
2025-02-25,ETHUSDT,2495.7,-0.007089659123460379,2672.6671428571426,2792.0136666666667,0.048713565963633285
2025-02-26,ETHUSDT,2336.37,-0.06384180790960448,2618.5057142857145,2763.811333333333,0.05123188383922043
2025-02-27,ETHUSDT,2307.72,-0.012262612514285065,2557.031428571429,2738.1446666666666,0.04990582595594582
2025-02-28,ETHUSDT,2237.59,-0.030389301995042528,2496.2585714285715,2708.934333333333,0.049962263100594255
2025-03-01,ETHUSDT,2217.39,-0.009027569840766247,2418.282857142857,2674.601,0.04309633638147723
2025-03-02,ETHUSDT,2518.11,0.1356189033052373,2375.2000000000003,2648.5049999999997,0.07545330189234145
2025-03-03,ETHUSDT,2149.01,-0.14657818760896069,2323.1271428571426,2616.2206666666666,0.08427173771988007
2025-03-04,ETHUSDT,2171.51,0.010469937319975253,2276.8142857142857,2592.9483333333333,0.0849468344067467
2025-03-05,ETHUSDT,2241.59,0.03227247399275157,2263.2742857142857,2571.671333333333,0.0837930092472623
2025-03-06,ETHUSDT,2202.2,-0.01757234819926945,2248.2000000000003,2554.0383333333334,0.08391644100002185
2025-03-07,ETHUSDT,2141.6,-0.027517936608845606,2234.4871428571428,2532.483333333333,0.08377056224163651
2025-03-08,ETHUSDT,2203.58,0.028940978707508336,2232.514285714286,2516.3813333333333,0.08455518125679781
2025-03-09,ETHUSDT,2020.41,-0.08312382577442157,2161.414285714286,2496.325,0.06526376457094965
2025-03-10,ETHUSDT,1865.1,-0.07687053617830053,2120.8557142857144,2470.7463333333335,0.04713653158055375
2025-03-11,ETHUSDT,1923.43,0.03127446249530874,2085.4157142857143,2447.288,0.0498843872549474
2025-03-12,ETHUSDT,1908.2,-0.007918146228352518,2037.7885714285715,2422.188333333333,0.04551225062277687
2025-03-13,ETHUSDT,1864.59,-0.02285399853264869,1989.5585714285714,2397.588333333333,0.045473728263621595
2025-03-14,ETHUSDT,1911.65,0.025238792442306535,1956.7085714285715,2370.0343333333335,0.04877147186369638
2025-03-15,ETHUSDT,1937.17,0.013349724060366608,1918.65,2345.411,0.04674169844243197
2025-03-16,ETHUSDT,1887.0,-0.025898604665568925,1899.5914285714284,2317.4460000000004,0.037369434653462756
2025-03-17,ETHUSDT,1926.31,0.020832008479067188,1908.3357142857144,2291.8883333333333,0.023514669087993243
2025-03-18,ETHUSDT,1931.54,0.0027150354823470835,1909.4942857142858,2267.559333333333,0.0204451684394231
2025-03-19,ETHUSDT,2056.06,0.06446669496878132,1930.6171428571429,2244.6263333333336,0.03092937661059387
2025-03-20,ETHUSDT,1983.79,-0.0351497524391311,1947.6457142857143,2221.686333333333,0.03342865888941612
2025-03-21,ETHUSDT,1965.75,-0.009093704474767983,1955.3742857142856,2196.6946666666668,0.033229501119714594
2025-03-22,ETHUSDT,1980.69,0.007600152613506328,1961.5914285714284,2171.4496666666664,0.033043687305453665
2025-03-23,ETHUSDT,2005.99,0.012773326467039325,1978.59,2149.5493333333334,0.030410099521867115
2025-03-24,ETHUSDT,2081.2,0.03749270933553994,2000.717142857143,2126.8153333333335,0.03208162586852992
2025-03-25,ETHUSDT,2066.15,-0.007231404958677579,2019.9471428571428,2101.697333333333,0.0327510976298942
2025-03-26,ETHUSDT,2009.52,-0.027408465019480688,2013.2985714285714,2084.8973333333333,0.02478318751119954
2025-03-27,ETHUSDT,2003.66,-0.002916119272263984,2016.1371428571426,2068.496,0.020426155639717225
2025-03-28,ETHUSDT,1896.9,-0.05328249303774091,2006.3014285714285,2053.8469999999998,0.029218596023201385
2025-03-29,ETHUSDT,1828.08,-0.03628024671832997,1984.5,2037.8590000000002,0.03080151528263456
2025-03-30,ETHUSDT,1807.74,-0.01112642772745176,1956.1785714285713,2023.5306666666665,0.029001871001293707
2025-03-31,ETHUSDT,1822.43,0.008126168586190419,1919.2114285714285,2010.3653333333334,0.02136362174148405
2025-04-01,ETHUSDT,1904.98,0.04529666434376067,1896.187142857143,1989.9276666666667,0.03239490130908109
2025-04-02,ETHUSDT,1795.22,-0.05761740280737859,1865.5728571428572,1978.1346666666664,0.036663000082663676
2025-04-03,ETHUSDT,1817.23,0.01226033578057284,1838.94,1966.3253333333334,0.03795039785703257
2025-04-04,ETHUSDT,1816.87,-0.00019810370729078652,1827.507142857143,1952.1680000000001,0.033676556983573296
2025-04-05,ETHUSDT,1806.01,-0.00597731263106327,1824.3542857142859,1938.9616666666666,0.030917313954801174
2025-04-06,ETHUSDT,1580.76,-0.12472245447145913,1791.9285714285713,1920.267,0.056308631796946146
2025-04-07,ETHUSDT,1553.04,-0.017535868822591727,1753.4442857142858,1898.5823333333333,0.05518266741200268
2025-04-08,ETHUSDT,1473.41,-0.051273631071962034,1691.7914285714285,1880.349,0.04729080214443378
2025-04-09,ETHUSDT,1669.51,0.133092621877142,1673.8328571428572,1873.8293333333334,0.07742722870685405
2025-04-10,ETHUSDT,1522.25,-0.08820552138052484,1631.6928571428573,1860.4566666666665,0.08225734221531267
2025-04-11,ETHUSDT,1566.85,0.029298735424535982,1595.9757142857143,1849.0783333333334,0.08429756603940963
2025-04-12,ETHUSDT,1644.18,0.04935379902351866,1572.857142857143,1841.7313333333332,0.08811016737288875
2025-04-13,ETHUSDT,1597.76,-0.02823291853689991,1575.2857142857142,1831.2683333333332,0.07350891402719366
2025-04-14,ETHUSDT,1623.77,0.016279040656919763,1585.3899999999999,1820.8216666666667,0.07298346058033572
2025-04-15,ETHUSDT,1588.78,-0.02154861833880417,1601.8714285714286,1810.881,0.06970942443674454
2025-04-16,ETHUSDT,1577.14,-0.007326376213194985,1588.6757142857143,1799.242,0.04526207417222277
2025-04-17,ETHUSDT,1583.62,0.004108703095476507,1597.4428571428573,1787.6446666666666,0.027808959516588978
2025-04-18,ETHUSDT,1588.6,0.003144693802806131,1600.5499999999997,1772.062666666667,0.025842879556196865
2025-04-19,ETHUSDT,1613.27,0.015529396953292363,1596.1342857142856,1759.712,0.017327883653047296
2025-04-20,ETHUSDT,1587.36,-0.01606054783142319,1594.6485714285716,1747.099,0.014742066664092035
2025-04-21,ETHUSDT,1579.57,-0.0049075194032859315,1588.3342857142857,1733.7283333333332,0.012671280479479748
2025-04-22,ETHUSDT,1756.26,0.11185955671480219,1612.26,1725.404,0.043780698003597074
2025-04-23,ETHUSDT,1795.07,0.022098094815118374,1643.392857142857,1715.8663333333332,0.042656370167325965
2025-04-24,ETHUSDT,1769.65,-0.014161007648726742,1669.9685714285713,1705.9830000000002,0.04427581279999188
2025-04-25,ETHUSDT,1784.6,0.008447998191732697,1697.9685714285715,1698.4856666666667,0.04404827609231463
2025-04-26,ETHUSDT,1820.88,0.02032948559901393,1727.6271428571429,1692.393,0.044049054655512156
2025-04-27,ETHUSDT,1791.29,-0.01625038442950666,1756.76,1688.8726666666666,0.04407373589440559
2025-04-28,ETHUSDT,1799.88,0.004795426759486299,1788.2328571428573,1687.9326666666666,0.043372794340014016
2025-04-29,ETHUSDT,1797.81,-0.001150076671778244,1794.1685714285716,1687.6016666666667,0.015159550575862742
2025-04-30,ETHUSDT,1793.61,-0.0023361756804112233,1793.9599999999998,1686.641,0.012773848521384693
2025-05-01,ETHUSDT,1838.11,0.02481029878290153,1803.74,1684.412,0.014027910997952506
2025-05-02,ETHUSDT,1842.2,0.002225111663611168,1811.9685714285715,1685.9779999999998,0.014008666829691985
2025-05-03,ETHUSDT,1833.52,-0.0047117576810336015,1813.7742857142857,1686.521,0.012441653380263333
2025-05-04,ETHUSDT,1808.86,-0.013449539683232259,1816.2842857142857,1686.254,0.011821979139867602
2025-05-05,ETHUSDT,1820.19,0.0062636135466538345,1819.1857142857145,1686.7266666666667,0.011903866580886498
2025-05-06,ETHUSDT,1817.0,-0.0017525642927387342,1821.9271428571428,1694.6013333333333,0.011929758754615199
2025-05-07,ETHUSDT,1811.11,-0.003241607044578987,1824.4271428571428,1703.2036666666668,0.01198406137307953
2025-05-08,ETHUSDT,2207.39,0.2188050422116823,1877.1814285714286,1727.6696666666664,0.083848369414273
2025-05-09,ETHUSDT,2345.04,0.06235871323146336,1949.015714285714,1750.1873333333335,0.08370888812176322
2025-05-10,ETHUSDT,2583.23,0.1015718281990925,2056.117142857143,1785.5533333333333,0.08435923640961446
2025-05-11,ETHUSDT,2514.57,-0.02657912768123627,2156.932857142857,1817.144,0.08620700546891975
2025-05-12,ETHUSDT,2495.47,-0.007595732073475969,2253.4014285714284,1845.5203333333334,0.08755593313633188
2025-05-13,ETHUSDT,2679.71,0.0738297795605638,2376.6457142857143,1881.5853333333332,0.0848612695189125
2025-05-14,ETHUSDT,2609.74,-0.026111034402976574,2490.7357142857145,1914.451,0.08807567081808271
2025-05-15,ETHUSDT,2548.69,-0.02339313494830897,2539.4928571428572,1946.4479999999999,0.05516320334075924
2025-05-16,ETHUSDT,2537.12,-0.00453958700351953,2566.932857142857,1978.4473333333333,0.052750373443511404
2025-05-17,ETHUSDT,2475.08,-0.024452922999306237,2551.4828571428575,2008.1626666666668,0.03616405595103673
2025-05-18,ETHUSDT,2497.78,0.009171420721754586,2549.0842857142857,2038.4686666666666,0.035210934721241406
2025-05-19,ETHUSDT,2528.14,0.012154793456589319,2553.7514285714283,2068.9643333333333,0.0353332255087809
2025-05-20,ETHUSDT,2524.19,-0.001562413473937263,2531.534285714286,2100.192,0.016274111684109548
2025-05-21,ETHUSDT,2550.99,0.010617267321398005,2523.1414285714286,2132.5726666666665,0.01551151126296896
2025-05-22,ETHUSDT,2664.82,0.044621891892951515,2539.7314285714283,2162.8579999999997,0.021032771734866843
2025-05-23,ETHUSDT,2526.5,-0.05190594486682032,2538.214285714286,2187.239,0.03063234840869528
2025-05-24,ETHUSDT,2530.4,0.0015436374431030409,2546.117142857143,2212.597333333333,0.028717031052492327
2025-05-25,ETHUSDT,2551.22,0.008227948150489883,2553.7514285714287,2238.1513333333332,0.028688285842231986
2025-05-26,ETHUSDT,2563.7,0.004891777267346686,2558.8314285714287,2262.912,0.028448597436541562
2025-05-27,ETHUSDT,2660.81,0.0378788469789757,2578.348571428571,2291.896,0.031307284004930984
2025-05-28,ETHUSDT,2681.6,0.007813410202156534,2597.0071428571428,2321.286666666667,0.03128588082068299
2025-05-29,ETHUSDT,2631.39,-0.01872389618138426,2592.2314285714283,2349.072666666667,0.02774767051784884
2025-05-30,ETHUSDT,2531.34,-0.038021729960211026,2592.922857142857,2373.663666666667,0.023749534643505175
2025-05-31,ETHUSDT,2528.06,-0.0012957563977973319,2592.5885714285714,2396.662,0.02375329953571596
2025-06-01,ETHUSDT,2539.21,0.004410496586315205,2590.8728571428574,2419.895666666667,0.023579042347450674
2025-06-02,ETHUSDT,2607.41,0.026858747405689165,2597.117142857143,2445.692,0.025766508440739664
2025-06-03,ETHUSDT,2593.36,-0.00538848896030919,2587.4814285714283,2471.8419999999996,0.020591913262390682
2025-06-04,ETHUSDT,2607.68,0.005521794120368906,2576.921428571429,2498.0916666666667,0.020399798564233018
2025-06-05,ETHUSDT,2414.01,-0.0742690820959625,2545.867142857143,2517.9919999999997,0.03366182489010734
2025-06-06,ETHUSDT,2476.1,0.02572068881239087,2537.975714285714,2540.1583333333333,0.03398753577290354
2025-06-07,ETHUSDT,2524.63,0.019599369976980086,2537.4857142857145,2550.733,0.03502641036396936
2025-06-08,ETHUSDT,2509.83,-0.005862245160677126,2533.2885714285717,2556.226,0.03504315349354798
2025-06-09,ETHUSDT,2680.13,0.06785320121283123,2543.6771428571433,2559.4559999999997,0.043016094836712454
2025-06-10,ETHUSDT,2816.4,0.05084454858532972,2575.54,2569.5170000000003,0.045959565115115765
2025-06-11,ETHUSDT,2771.61,-0.015903280783979512,2598.9585714285713,2578.7216666666664,0.047219074369781226
2025-06-12,ETHUSDT,2642.65,-0.04652891279797666,2631.621428571428,2577.4863333333333,0.039535088562135556
2025-06-13,ETHUSDT,2579.19,-0.024013774052560888,2646.348571428571,2576.4680000000003,0.041432880923467544
2025-06-14,ETHUSDT,2530.76,-0.018777213000980897,2647.2242857142855,2575.8703333333333,0.041957144566862364
2025-06-15,ETHUSDT,2547.61,0.006658078996032879,2652.621428571429,2576.2200000000003,0.04187829754083247
2025-06-16,ETHUSDT,2544.17,-0.0013502851692370754,2633.1985714285715,2578.523,0.030644271060556193
2025-06-17,ETHUSDT,2509.95,-0.013450359056195293,2589.4200000000005,2578.9286666666667,0.01702054762750122
2025-06-18,ETHUSDT,2525.0,0.005996135381183043,2554.19,2578.824,0.018982659825516175
2025-06-19,ETHUSDT,2521.12,-0.0015366336633664268,2536.828571428571,2578.721666666667,0.012152346844618047
2025-06-20,ETHUSDT,2406.49,-0.0454678872881894,2512.157142857143,2573.9049999999997,0.018376236188385544
2025-06-21,ETHUSDT,2295.73,-0.04602553927088826,2478.5814285714287,2561.6020000000003,0.022938245929623007
2025-06-22,ETHUSDT,2227.7,-0.02963327569008556,2432.88,2551.6420000000003,0.021663128895275146
2025-06-23,ETHUSDT,2411.66,0.08257844413520665,2413.9500000000003,2547.684,0.04430835896512863
2025-06-24,ETHUSDT,2448.45,0.015255052536427227,2405.1642857142856,2544.258333333333,0.044913562141133234
2025-06-25,ETHUSDT,2418.49,-0.012236312769303037,2389.9485714285715,2539.4179999999997,0.04485447459964058
2025-06-26,ETHUSDT,2415.96,-0.0010461072818161998,2374.925714285714,2531.2563333333333,0.044861707704884186
2025-06-27,ETHUSDT,2423.17,0.0029843209324658115,2377.308571428571,2522.642,0.04120674451245903
2025-06-28,ETHUSDT,2435.62,0.005137897877573572,2397.292857142857,2516.116333333333,0.035469358523335125
2025-06-29,ETHUSDT,2500.09,0.026469646332350827,2436.2057142857143,2515.074666666667,0.031386889934218266
2025-06-30,ETHUSDT,2485.47,-0.005847789479578869,2446.75,2513.6549999999997,0.013031329431594515
2025-07-01,ETHUSDT,2405.01,-0.03237214691788659,2440.5442857142853,2509.1816666666664,0.01792609117634296
2025-07-02,ETHUSDT,2570.41,0.06877310281454108,2462.247142857143,2507.9483333333337,0.031522425181188064
2025-07-03,ETHUSDT,2591.25,0.00810765597706209,2487.2885714285717,2507.878,0.03121700247497923
2025-07-04,ETHUSDT,2508.04,-0.03211191509889055,2499.412857142857,2504.5566666666664,0.03518487774025146
2025-07-05,ETHUSDT,2516.41,0.0033372673482081616,2510.9542857142856,2507.9700000000003,0.03519412853187559
2025-07-06,ETHUSDT,2570.35,0.02143529869933758,2520.9914285714285,2511.111666666666,0.03473533972738089
2025-07-07,ETHUSDT,2542.29,-0.01091680121384242,2529.1085714285714,2511.700333333333,0.03503791925202753
2025-07-08,ETHUSDT,2615.25,0.028698535572259765,2559.1428571428573,2515.214333333334,0.03201746308179397
2025-07-09,ETHUSDT,2768.74,0.058690373769238136,2587.475714285714,2518.1679999999997,0.02916208622544189
2025-07-10,ETHUSDT,2951.29,0.06593251804069733,2638.91,2522.664333333333,0.03566074874690628
2025-07-11,ETHUSDT,2958.22,0.0023481257348481055,2703.2214285714285,2528.884666666667,0.02916908993813959
2025-07-12,ETHUSDT,2943.28,-0.005050334322666883,2764.202857142857,2538.9056666666665,0.03031939243122413
2025-07-13,ETHUSDT,2972.03,0.009768013916446883,2821.585714285714,2552.000333333333,0.030738800355163527
2025-07-14,ETHUSDT,3013.62,0.013993802215993778,2888.9185714285713,2568.0956666666666,0.02766892523654156
2025-07-15,ETHUSDT,3137.89,0.04123612134243859,2963.5814285714287,2587.7716666666665,0.02835227911046193
2025-07-16,ETHUSDT,3371.35,0.07440031358651833,3049.6685714285713,2615.3443333333335,0.03172723658639897
2025-07-17,ETHUSDT,3476.87,0.03129903451139748,3124.7514285714287,2647.575,0.02740422836995144
2025-07-18,ETHUSDT,3546.92,0.020147431454152764,3208.8514285714286,2681.639,0.025841680577102635
2025-07-19,ETHUSDT,3592.01,0.012712437833387824,3301.527142857143,2717.3353333333334,0.022930548273909317
2025-07-20,ETHUSDT,3756.69,0.04584619753285768,3413.621428571429,2762.342,0.021897847159017367
2025-07-21,ETHUSDT,3762.33,0.0015013216421901898,3520.5799999999995,2811.2286666666664,0.024209339816349217
2025-07-22,ETHUSDT,3746.21,-0.004284578971009978,3607.4828571428575,2861.8456666666666,0.027363826837639185
2025-07-23,ETHUSDT,3628.29,-0.03147714623579567,3644.1885714285713,2902.3999999999996,0.025300995749121237
2025-07-24,ETHUSDT,3706.94,0.0216768780885761,3677.055714285714,2944.3496666666665,0.02424221394392658
2025-07-25,ETHUSDT,3724.96,0.004861152325098317,3702.4900000000002,2987.898666666667,0.023802068198373008
2025-07-26,ETHUSDT,3741.1,0.004332932434173653,3723.788571428571,3032.0699999999997,0.0236927464654531
2025-07-27,ETHUSDT,3872.1,0.03501643901526297,3740.2757142857145,3080.3676666666665,0.020844544371760605
2025-07-28,ETHUSDT,3799.0,-0.01887864466310274,3745.514285714286,3125.813666666667,0.022678712149018735
2025-07-29,ETHUSDT,3793.79,-0.001371413529876242,3752.3114285714287,3168.9369999999994,0.022579095896453693
2025-07-30,ETHUSDT,3810.0,0.004272772082798415,3778.27,3213.0879999999993,0.017122712890592744
2025-07-31,ETHUSDT,3698.39,-0.029293963254593214,3777.0485714285714,3256.2006666666666,0.020424953024932038
2025-08-01,ETHUSDT,3488.2,-0.056832838072783054,3743.225714285714,3286.7936666666665,0.02928873551764696
2025-08-02,ETHUSDT,3393.94,-0.027022533111633495,3693.631428571429,3313.55,0.02931373408074752
2025-08-03,ETHUSDT,3496.74,0.0302892803054855,3640.008571428571,3346.5066666666667,0.02803795182405027
2025-08-04,ETHUSDT,3720.99,0.06413116216819104,3628.8642857142854,3386.6593333333335,0.040482345168429024
2025-08-05,ETHUSDT,3612.0,-0.029290592019865613,3602.894285714286,3421.3810000000003,0.04173601659363751
2025-08-06,ETHUSDT,3683.31,0.019742524916943616,3584.7957142857144,3459.415,0.04278249440519429
2025-08-07,ETHUSDT,3910.31,0.06162934968818812,3615.0699999999997,3502.5836666666664,0.04739139482253037
2025-08-08,ETHUSDT,4009.5,0.025366275308095876,3689.5414285714287,3543.9423333333334,0.03753358879278809
2025-08-09,ETHUSDT,4260.62,0.0626312507793989,3813.352857142857,3587.5866666666666,0.033631708616356594
2025-08-10,ETHUSDT,4250.57,-0.0023588116283546068,3921.042857142857,3630.665,0.03630844365132439
2025-08-11,ETHUSDT,4223.22,-0.006434431146881359,3992.79,3673.3296666666665,0.03463307380182881
2025-08-12,ETHUSDT,4590.52,0.08697155251206423,4132.578571428571,3727.2793333333334,0.0356155756700574
2025-08-13,ETHUSDT,4749.3,0.03458867404999855,4284.862857142857,3785.135333333333,0.03496641335857815
2025-08-14,ETHUSDT,4546.84,-0.042629440128018836,4375.795714285714,3832.1003333333338,0.04400454166597375
2025-08-15,ETHUSDT,4439.47,-0.023614202391111117,4437.22,3867.7043333333336,0.04726320440424118
2025-08-16,ETHUSDT,4421.99,-0.0039374069427207115,4460.272857142858,3899.2083333333335,0.04269800122474749
2025-08-17,ETHUSDT,4472.33,0.011384014889224137,4491.952857142857,3930.0553333333332,0.04256084330637509
2025-08-18,ETHUSDT,4312.99,-0.03562796126403911,4504.777142857143,3954.088,0.045542267827591916
2025-08-19,ETHUSDT,4075.59,-0.05504302119875071,4431.215714285715,3964.718,0.03196387940167987
2025-08-20,ETHUSDT,4336.16,0.06393430153670998,4372.1957142857145,3983.845666666667,0.040541201667155455
2025-08-21,ETHUSDT,4225.3,-0.025566399763846226,4326.261428571429,3999.8153333333335,0.03888723744683149
2025-08-22,ETHUSDT,4832.07,0.14360400444938803,4382.347142857143,4039.9413333333337,0.06881680979462818
2025-08-23,ETHUSDT,4778.4,-0.011107041081772406,4433.262857142857,4075.6566666666668,0.06918251310937011
2025-08-24,ETHUSDT,4780.15,0.000366231374518744,4477.237142857143,4110.8296666666665,0.06935272039588394
2025-08-25,ETHUSDT,4376.18,-0.0845099003169355,4486.2642857142855,4131.999,0.0769362784114925
2025-08-26,ETHUSDT,4600.63,0.05128902376044864,4561.2699999999995,4156.283333333334,0.07364142753777146
2025-08-27,ETHUSDT,4506.71,-0.020414595392370227,4585.634285714285,4179.873666666667,0.07208459356889453
2025-08-28,ETHUSDT,4511.21,0.0009985111089907406,4626.478571428571,4203.787666666667,0.07072998707958235
2025-08-29,ETHUSDT,4360.18,-0.033478822754870574,4559.065714285714,4222.127,0.041017070874097415
2025-08-30,ETHUSDT,4373.7,0.003100789416950578,4501.251428571429,4244.637333333333,0.04152306465685231
2025-08-31,ETHUSDT,4391.83,0.004145231725998677,4445.777142857142,4274.758333333333,0.04173175279747651
2025-09-01,ETHUSDT,4314.5,-0.017607694286891795,4436.965714285714,4305.443666666667,0.02734202094510894
2025-09-02,ETHUSDT,4326.5,0.002781318808668498,4397.8042857142855,4333.102333333333,0.01505923557303693
2025-09-03,ETHUSDT,4450.46,0.028651334797180184,4389.768571428571,4357.418,0.01944520479411264
2025-09-04,ETHUSDT,4297.55,-0.03435824611388483,4359.245714285715,4380.269666666666,0.02292867913701824
2025-09-05,ETHUSDT,4307.45,0.002303638119393492,4351.712857142857,4401.074333333334,0.019723188499414512
2025-09-06,ETHUSDT,4273.14,-0.00796526947497933,4337.347142857143,4413.1686666666665,0.01972998725319069
2025-09-07,ETHUSDT,4306.19,0.007734359276784675,4325.112857142857,4423.058333333333,0.019996010723257827
2025-09-08,ETHUSDT,4306.37,4.180029213762815e-05,4323.951428571429,4424.583333333333,0.018875045907394004
2025-09-09,ETHUSDT,4310.09,0.0008638365955551119,4321.607142857143,4426.567333333333,0.01883987365425302
2025-09-10,ETHUSDT,4349.32,0.00910189810421591,4307.158571428571,4430.770666666666,0.014842242342440045
2025-09-11,ETHUSDT,4458.82,0.025176349406343945,4330.197142857142,4426.380666666666,0.01039005987127062
2025-09-12,ETHUSDT,4712.16,0.05681772307471489,4388.012857142857,4425.142666666667,0.021854967335713113
2025-09-13,ETHUSDT,4666.53,-0.009683457268004458,4444.211428571428,4429.132333333333,0.022138920848757463
2025-09-14,ETHUSDT,4604.49,-0.013294675058341032,4486.825714285714,4434.633,0.02427483859474189
2025-09-15,ETHUSDT,4523.74,-0.01753722996466489,4517.878571428571,4438.024666666666,0.02628589389673211
2025-09-16,ETHUSDT,4501.29,-0.004962707847931069,4545.192857142857,4438.990000000001,0.02661566805448823
2025-09-17,ETHUSDT,4590.53,0.01982542782180219,4579.651428571428,4448.241333333333,0.02709357522426545
2025-09-18,ETHUSDT,4587.66,-0.000625200140288773,4598.057142857143,4465.310333333333,0.026112424045104374
2025-09-19,ETHUSDT,4468.59,-0.025954408129634676,4563.261428571429,4469.724666666666,0.014606085479915818
2025-09-20,ETHUSDT,4480.42,0.002647367514137633,4536.674285714286,4478.228666666666,0.015030875745751406
2025-09-21,ETHUSDT,4444.97,-0.00791220465938458,4513.885714285714,4465.325333333333,0.014711908976954024
2025-09-22,ETHUSDT,4199.08,-0.05531870856271248,4467.505714285714,4446.014666666667,0.024064858919366973
2025-09-23,ETHUSDT,4164.26,-0.008292292597426032,4419.358571428572,4425.485,0.023973855210691338
2025-09-24,ETHUSDT,4152.81,-0.0027495881621224516,4356.827142857143,4418.039333333333,0.0204220820203549
2025-09-25,ETHUSDT,3874.36,-0.06705098475490101,4254.927142857143,4393.830333333333,0.027397257495221195
2025-09-26,ETHUSDT,4032.24,0.040749956121785225,4192.591428571429,4378.014666666667,0.036497820416600685
2025-09-27,ETHUSDT,4018.38,-0.003437295399083329,4126.585714285715,4361.587,0.036105909241077316
2025-09-28,ETHUSDT,4142.16,0.030803458109984527,4083.327142857143,4354.319666666666,0.040092543893823836
2025-09-29,ETHUSDT,4215.07,0.017601927496764924,4085.6114285714284,4349.032,0.03534332920890218
2025-09-30,ETHUSDT,4145.15,-0.016588099367270348,4082.8814285714284,4340.809333333334,0.035845851434886174
2025-10-01,ETHUSDT,4348.03,0.04894394653993217,4110.7699999999995,4341.927,0.04026093845182333
2025-10-02,ETHUSDT,4484.35,0.03135212958512268,4197.911428571429,4347.188666666666,0.023787083371075553
2025-10-03,ETHUSDT,4512.87,0.006359896083044214,4266.572857142857,4349.269,0.022635177607566486
2025-10-04,ETHUSDT,4487.15,-0.005699255684298521,4333.54,4355.589,0.02297965759245863
2025-10-05,ETHUSDT,4514.32,0.006055068361877858,4386.705714285715,4362.484666666667,0.022234067998868134
2025-10-06,ETHUSDT,4684.01,0.037589271473887687,4453.697142857143,4376.180333333334,0.02418502427591619
2025-10-07,ETHUSDT,4447.7,-0.05045036197617003,4496.918571428571,4380.897333333333,0.03331860557326159
2025-10-08,ETHUSDT,4525.72,0.01754165074083236,4522.302857142858,4388.209000000001,0.029147300454612664
2025-10-09,ETHUSDT,4368.09,-0.034829817134069296,4505.694285714286,4390.142333333333,0.030304467110228054
2025-10-10,ETHUSDT,3829.72,-0.12325066562273224,4408.101428571428,4372.8223333333335,0.05384053399494357
2025-10-11,ETHUSDT,3746.79,-0.02165432459814287,4302.335714285714,4349.088,0.05337792150641679
2025-10-12,ETHUSDT,4152.29,0.10822597476773455,4250.617142857142,4330.425666666667,0.0732729070224731
2025-10-13,ETHUSDT,4240.85,0.021327990097030902,4187.308571428572,4316.236333333333,0.07177183537272135
2025-10-14,ETHUSDT,4125.02,-0.02731292075881009,4141.211428571429,4300.254,0.070214833814374
2025-10-15,ETHUSDT,3985.61,-0.03379619977600112,4064.0528571428576,4282.316333333333,0.06971289360529198
2025-10-16,ETHUSDT,3894.51,-0.022857228880899028,3996.398571428571,4262.090333333334,0.06931675889139742
2025-10-17,ETHUSDT,3831.57,-0.016161211551645738,3996.662857142857,4236.791666666667,0.05049726339739013
2025-10-18,ETHUSDT,3889.21,0.015043441722322637,4017.0085714285715,4213.51,0.04963761468522114
2025-10-19,ETHUSDT,3982.58,0.024007446242295893,3992.764285714286,4197.309666666667,0.024845032870477027
2025-10-20,ETHUSDT,3979.22,-0.0008436742011460607,3955.3885714285716,4180.603,0.02208867756556613
2025-10-21,ETHUSDT,3873.05,-0.02668110835791926,3919.3928571428573,4161.539,0.022001760014217175
2025-10-22,ETHUSDT,3805.53,-0.017433289009953445,3893.6671428571426,4148.420666666667,0.019640446947440625
2025-10-23,ETHUSDT,3856.8,0.013472499231381718,3888.28,4138.172,0.019370565604214428
2025-10-24,ETHUSDT,3934.88,0.020244762497407143,3903.038571428571,4130.907666666667,0.019579106104966198
2025-10-25,ETHUSDT,3953.82,0.004813361525637383,3912.2685714285717,4133.556333333333,0.01898791966646887
2025-10-26,ETHUSDT,4158.46,0.051757540808635705,3937.394285714286,4137.763666666667,0.025872564917355782
2025-10-27,ETHUSDT,4120.15,-0.009212545028688623,3957.527142857143,4141.156,0.026453986837701983
2025-10-28,ETHUSDT,3979.2,-0.03420991954176422,3972.691428571429,4135.724,0.028073495425392468
2025-10-29,ETHUSDT,3902.99,-0.01915209087253722,3986.6142857142854,4125.321333333333,0.028300888394456755
2025-10-30,ETHUSDT,3805.09,-0.025083333546844777,3979.227142857143,4113.986,0.029850277140964603
2025-10-31,ETHUSDT,3865.88,0.015975969030955994,3969.3699999999994,4097.914333333333,0.029370587458996882
